val_ntxent_loss,epoch,step,trn_ntxent_loss
5.08754825592041,0,6370,
,0,6370,1.1516762971878052
1.6611202955245972,1,12741,
,1,12741,0.879938006401062
4.159354209899902,2,19112,
,2,19112,0.6399917602539062
4.455489158630371,3,25483,
,3,25483,0.3235832154750824
4.641393184661865,4,31854,
,4,31854,0.2613241672515869
0.452357679605484,5,38225,
,5,38225,0.2366444319486618
3.0109148025512695,6,44596,
,6,44596,0.18105436861515045
1.0383261442184448,7,50967,
,7,50967,0.1383887380361557
